mean_fit_time,std_fit_time,mean_score_time,std_score_time,param_C,params,split0_test_score,split1_test_score,split2_test_score,mean_test_score,std_test_score,rank_test_score
4.330403089523315,0.4834584434541163,1.1696415742238362,0.321545762733205,2.8885052857562994,{'C': 2.8885052857562994},0.8474,0.8444,0.8454,0.8457333333333334,0.0012472191289246,54
1.5463678042093914,0.0565711971409906,1.49099866549174,0.4528321493890571,0.3154134248824541,{'C': 0.3154134248824541},0.8542,0.8486,0.8522,0.8516666666666666,0.002317086292931,18
1.6183831691741943,0.1593879605416341,1.882572571436564,0.1219918385981995,0.1305314442024255,{'C': 0.1305314442024255},0.8562,0.8482,0.8568,0.8537333333333333,0.0039203174474637,5
18.95902331670125,0.5283811848339692,0.7382127443949381,0.1011169278400992,20.633311282654528,{'C': 20.633311282654528},0.8438,0.839,0.843,0.8419333333333333,0.0020997354330698,85
1.6030664443969729,0.1692319842458544,1.3020083904266355,0.3305442712763973,0.6399977051272857,{'C': 0.6399977051272857},0.852,0.8464,0.8524,0.8502666666666666,0.0027390184778898,30
1.0478092829386394,0.0439607906876976,1.4053716659545898,0.0682696268687597,0.0638799267896123,{'C': 0.06387992678961238},0.8602,0.8474,0.853,0.8535333333333334,0.0052391687211702,6
1.031085729598999,0.0262347286806409,2.3766674995422363,0.3303607071906931,0.0101950656239486,{'C': 0.01019506562394865},0.8376,0.837,0.8408,0.8384666666666666,0.0016679994670929,100
1.0231645901997883,0.1062342792339434,1.87984561920166,0.3371403942768204,0.0130966930207318,{'C': 0.013096693020731832},0.8428,0.838,0.8442,0.8416666666666667,0.0026549743668986,91
1.0034531752268474,0.0418037597628608,1.1625216801961262,0.1139040306531625,0.0697902627672176,{'C': 0.0697902627672176},0.8604,0.8478,0.855,0.8544,0.0051613951602255,3
7.48272967338562,0.24435576218496,0.7008743286132812,0.0536608309339651,8.327012227867765,{'C': 8.327012227867765},0.8474,0.8404,0.8462,0.8446666666666668,0.003056504903026,59
5.789730707804362,0.6520749233547474,0.627581516901652,0.0249969959886912,6.307882738010783,{'C': 6.307882738010783},0.847,0.842,0.8448,0.8446000000000001,0.0020461345670963,62
80.08362499872844,10.65224031201804,0.5639322598775228,0.0338142312617675,98.46975604577914,{'C': 98.46975604577914},0.8404,0.839,0.8436,0.8410000000000001,0.0019252705437591,95
0.948871612548828,0.0211874705635022,1.6340573628743489,0.1827369581455059,0.0118776229121277,{'C': 0.01187762291212772},0.8404,0.839,0.843,0.8408000000000001,0.0016573070526208,96
0.9678262869517008,0.0413034084294006,1.4448440074920654,0.0851399927857651,0.0128583856905736,{'C': 0.012858385690573688},0.8418,0.8384,0.8436,0.8412666666666667,0.0021561282171728,94
1.804738203684489,0.0320931272905824,0.6627304553985596,0.0474216802094501,1.128420700763789,{'C': 1.128420700763789},0.85,0.8446,0.8518,0.8487999999999999,0.0030594117081556,34
10.16741180419922,0.6789927351435366,0.5560316244761149,0.006771851061527,11.947317355158788,{'C': 11.947317355158788},0.8456,0.8402,0.845,0.8436,0.0024166091947189,70
1.049226442972819,0.0197784788874559,0.7957003116607666,0.2358589328547227,0.3633828344189322,{'C': 0.3633828344189322},0.8534,0.8474,0.853,0.8512666666666666,0.0027390184778898,24
0.8813106218973795,0.0220839198800458,0.8492395877838135,0.0148073490334916,0.0138678409825413,{'C': 0.013867840982541344},0.845,0.8386,0.8446,0.8427333333333333,0.0029272664533466,71
46.47529832522074,1.0505315586662178,0.6379192670186361,0.0664664289811702,60.63402927691391,{'C': 60.63402927691391},0.842,0.8392,0.845,0.8420666666666667,0.0023683092891108,83
1.0774739583333333,0.0255552115249564,0.6009182135264078,0.0097688493609651,0.417286535695508,{'C': 0.41728653569550805},0.8544,0.8474,0.8532,0.8516666666666666,0.003056504903026,18
0.884090264638265,0.0161927563454498,0.6418601671854655,0.0099543641338831,0.1190933954254201,{'C': 0.11909339542542018},0.8576,0.8502,0.856,0.8546,0.0031790984046843,2
1.320215066274007,0.0403747418969645,0.6084636052449545,0.0175685375598484,0.6836587294311656,{'C': 0.6836587294311656},0.8524,0.8462,0.8524,0.8503333333333334,0.0029227080289044,28
0.9070157210032144,0.0272082459023756,0.6718005339304606,0.0239521460154799,0.0896933261836021,{'C': 0.0896933261836021},0.8576,0.8468,0.8558,0.8534,0.004724404724407,8
19.518173456192017,1.4688729650052703,0.5641574064890543,0.0267523865498146,23.966580909008773,{'C': 23.966580909008773},0.844,0.8392,0.8426,0.8419333333333333,0.0020154955277108,85
6.096579392751058,0.541554161714078,0.6199395656585693,0.084933272387073,6.845936856992855,{'C': 6.8459368569928545},0.847,0.842,0.845,0.8446666666666666,0.0020548046676563,60
1.256008783976237,0.15995178869503,0.6646095116933187,0.0639868683315148,0.450697735664786,{'C': 0.45069773566478605},0.854,0.8468,0.852,0.8509333333333333,0.0030346151137976,25
0.9845798015594482,0.0710004176268759,1.2195740540822346,0.1567534212263637,0.0300586168213809,{'C': 0.030058616821380967},0.8526,0.8416,0.8474,0.8472,0.0044929574521318,43
1.1990452607472737,0.1836972984686036,0.6853422323862711,0.049875294072979,0.2152189397988707,{'C': 0.21521893979887077},0.857,0.8476,0.8538,0.8528000000000001,0.0039021361671098,12
48.00381771723429,5.473115839089368,0.7507390181223551,0.1583044160008573,64.91542418019797,{'C': 64.91542418019797},0.8416,0.839,0.8444,0.8416666666666668,0.0022050447211388,90
0.898170550664266,0.0260094666202333,0.8568920294443766,0.1072681480825416,0.0228450634853924,{'C': 0.022845063485392437},0.851,0.842,0.846,0.8463333333333334,0.003681787005729,49
38.08662462234497,1.3693161846854205,0.6465187072753906,0.0094451717510594,47.80084197376732,{'C': 47.80084197376732},0.8428,0.8398,0.845,0.8425333333333332,0.0021312489817527,81
2.752293348312378,0.1362944421936852,0.5954798857371012,0.0613645876271947,2.5611544145428637,{'C': 2.5611544145428633},0.848,0.8436,0.8458,0.8458,0.0017962924780409,53
7.148135264714559,0.7104527898401587,0.6366974512736002,0.1215390569071333,7.4327904853162226,{'C': 7.4327904853162226},0.847,0.8412,0.8452,0.8444666666666666,0.0024239545283597,66
0.9528072675069174,0.069667910850558,0.9222183227539062,0.1253551924642435,0.0212259476594557,{'C': 0.021225947659455707},0.8506,0.842,0.8464,0.8463333333333334,0.0035112517552703,49
1.3244028091430664,0.2157639016465101,0.923856258392334,0.1100605787262815,0.328614229012611,{'C': 0.328614229012611},0.8542,0.8478,0.8526,0.8515333333333333,0.0027194770739161,22
6.407085577646892,1.786632467119345,0.8821651935577393,0.1119921436149989,4.860627212782754,{'C': 4.860627212782754},0.8478,0.841,0.8448,0.8445333333333332,0.0027824849006279,65
1.8544994990030923,0.0744374503759864,0.7156160672505697,0.0200050334554836,1.2603267292994107,{'C': 1.2603267292994107},0.8498,0.8444,0.8506,0.8482666666666666,0.0027535835237417,36
1.1234273115793865,0.0675664314607499,1.2193641662597656,0.1810187780099138,0.1988137633332275,{'C': 0.19881376333322753},0.857,0.8474,0.8548,0.8530666666666668,0.0041063636251825,11
1.334091107050578,0.137112915856816,2.0103561878204346,0.1836002297931266,0.0905557687072753,{'C': 0.0905557687072753},0.8574,0.8464,0.856,0.8532666666666667,0.0048889898979464,10
0.9960869948069254,0.0632673706731102,1.808456261952718,0.3395661986044436,0.020165262506217,{'C': 0.02016526250621704},0.849,0.8416,0.846,0.8455333333333334,0.0030390056853443,55
15.858078320821129,1.868000228260364,0.660722812016805,0.0551727835593106,20.52644902808167,{'C': 20.52644902808167},0.8436,0.839,0.843,0.8418666666666667,0.0020417857108151,88
5.643380085627238,0.4718681315302109,0.6401909987131754,0.0472609699365529,5.93251984646979,{'C': 5.93251984646979},0.8474,0.8416,0.8448,0.8446000000000001,0.0023720595832876,62
1.0567619800567627,0.1123174019149732,0.9502315521240234,0.1449499639029537,0.0288602274651993,{'C': 0.028860227465199367},0.8524,0.8418,0.8484,0.8475333333333334,0.004370608907489,39
16.33739360173543,0.362604372610868,0.7465588251749674,0.0255931481485857,17.35355204308474,{'C': 17.35355204308474},0.845,0.8388,0.844,0.8426,0.0027178422814185,75
1.560671091079712,0.027484193987544,0.6383204460144043,0.0750737078332093,1.0035079856735207,{'C': 1.0035079856735207},0.8508,0.8468,0.8524,0.85,0.0023551362310207,32
0.9739667574564616,0.0174750750208871,0.6544036865234375,0.0691386223785284,0.285357775595776,{'C': 0.285357775595776},0.8552,0.8476,0.8534,0.8520666666666666,0.003242769735204,17
1.1595674355824788,0.1141423629373745,0.7236715952555338,0.0200155585391535,0.3466185375737947,{'C': 0.34661853757379474},0.8534,0.8468,0.8524,0.8508666666666667,0.0029044027881056,26
1.017221450805664,0.0373498693115416,1.051749308904012,0.0466958869271859,0.0311127936649855,{'C': 0.031112793664985518},0.8526,0.8426,0.8478,0.8476666666666667,0.0040835714216302,38
12.0288774172465,1.3147013765251354,0.551516612370809,0.0115036356177119,14.865968512061862,{'C': 14.865968512061862},0.8442,0.8394,0.8442,0.8426,0.0022627416997969,75
0.9881652196248372,0.0223009050778028,0.6360716025034586,0.007063960963318,0.2584526645443057,{'C': 0.25845266454430577},0.855,0.848,0.854,0.8523333333333333,0.0030912061651652,15
1.1082847913106282,0.0451368647133412,1.211799224217733,0.2830466837106276,0.0109843863136418,{'C': 0.010984386313641889},0.8392,0.8382,0.8416,0.8396666666666667,0.0014267289706022,98
21.306867043177288,2.1907604638792075,0.6160955429077148,0.0904126149833863,25.2132903842568,{'C': 25.2132903842568},0.8438,0.8386,0.8432,0.8418666666666667,0.0023228335186912,88
41.76774255434672,2.0593281679534745,0.5986266930898031,0.034592102971235,54.08979471386585,{'C': 54.08979471386585},0.842,0.8398,0.8448,0.8422000000000001,0.0020461345670963,82
3.2664120197296143,0.1528325387176788,0.5597105820973715,0.0044160654866319,3.237352957955817,{'C': 3.237352957955817},0.848,0.8422,0.8438,0.8446666666666666,0.0024458581770458,60
1.793262243270874,0.0647424332202898,0.5831067562103271,0.0076119382055509,1.3681361103171648,{'C': 1.3681361103171648},0.8494,0.8444,0.8498,0.8478666666666667,0.0024567367696917,37
1.0753405094146729,0.0236727458321088,0.6216283639272054,0.0198576569800311,0.4138134897546489,{'C': 0.41381348975464893},0.854,0.8476,0.8532,0.8516,0.0028472208672083,20
40.58668684959412,2.510110302191086,0.5596276919047037,0.0072423809120955,51.3762044971674,{'C': 51.3762044971674},0.8426,0.8404,0.8448,0.8426,0.0017962924780409,75
0.9074520270029705,0.0103042624667077,0.6054442723592123,0.0071180093372134,0.2434922811554544,{'C': 0.24349228115545443},0.8558,0.847,0.854,0.8522666666666666,0.0037959042254631,16
7.371978123982747,0.6920370479697878,0.7200262546539307,0.1465724212255152,7.029615360356689,{'C': 7.029615360356689},0.8468,0.8416,0.8448,0.8443999999999999,0.0021416504538945,67
1.8514915307362876,0.0737719937291895,0.5686190128326416,0.0045869433276884,1.4566587591804083,{'C': 1.4566587591804085},0.8494,0.8438,0.8488,0.8473333333333333,0.002510422717835,42
1.0599645773569744,0.1488198073038054,0.9700682957967124,0.0756596270194567,0.0106015048412905,{'C': 0.010601504841290563},0.8388,0.8378,0.8412,0.8392666666666667,0.0014267289706021,99
2.6547341346740723,0.2512445719043101,0.6665071646372477,0.1355889609004813,2.149040968772117,{'C': 2.1490409687721175},0.8486,0.844,0.8476,0.8467333333333333,0.0019754043186705,46
29.60581970214844,3.4061384101269514,0.614838441212972,0.0375526161471226,34.98721425798491,{'C': 34.98721425798491},0.8438,0.8402,0.8436,0.8425333333333334,0.0016519348924485,79
8.172050952911377,0.1771706760299843,0.5647130807240804,0.0099061952861144,9.320123381161569,{'C': 9.320123381161567},0.8466,0.8406,0.8452,0.8441333333333333,0.0025629843715654,69
0.9568222363789876,0.0151932109143714,0.6354612509409586,0.0393164150738866,0.2248037681735736,{'C': 0.2248037681735736},0.856,0.8474,0.8538,0.8523999999999999,0.0036478304054144,14
26.43378726641337,0.4703864766029318,1.283149321873983,0.1331218170396344,33.54082893619704,{'C': 33.54082893619704},0.8434,0.8404,0.8438,0.8425333333333334,0.0015173075568987,79
1.3681491216023762,0.0208473029354836,0.588259776433309,0.0226054660982273,0.843819072455088,{'C': 0.843819072455088},0.8514,0.8466,0.8524,0.8501333333333333,0.002531578339473,31
0.8711148897806803,0.0465446096887654,0.8314408461252848,0.047524426913936,0.0202223042797264,{'C': 0.020222304279726468},0.849,0.8414,0.8462,0.8455333333333334,0.0031382939455839,55
0.9070436159769694,0.0339004246764664,0.9450730482737224,0.0413628605810967,0.0113013163517916,{'C': 0.011301316351791685},0.839,0.8388,0.8416,0.8398,0.0012754084313139,97
1.5955626964569092,0.1905203831743075,0.6485915978749593,0.0270067423215506,0.7214094135530977,{'C': 0.7214094135530977},0.8518,0.8472,0.852,0.8503333333333333,0.0022171052197754,29
2.9173854986826577,0.2678952971222761,0.7146995862325033,0.1448344411870561,2.223665736620347,{'C': 2.223665736620347},0.848,0.8442,0.8478,0.8466666666666667,0.0017461067804945,47
0.8809389273325602,0.0404159132506723,0.7035239537556967,0.0244654327679013,0.1099619736175436,{'C': 0.10996197361754365},0.8574,0.849,0.8558,0.8540666666666666,0.0036417334089994,4
4.931646267573039,0.5465130465257803,0.7172804673512777,0.1367257591683326,4.853970339906212,{'C': 4.853970339906212},0.8482,0.841,0.8446,0.8446000000000001,0.0029393876913398,62
1.0013807614644368,0.1446380821496694,1.0663985411326091,0.1590928234620179,0.0137757384894404,{'C': 0.013775738489440435},0.8446,0.8388,0.8446,0.8426666666666667,0.0027341462205879,73
2.7807308038075766,0.4266722437545704,1.2484274705251055,0.5934817312785509,2.013316364663776,{'C': 2.0133163646637757},0.8492,0.8448,0.8476,0.8472,0.0018184242262647,43
2.2823410828908286,0.2151262239654349,1.3439481258392334,0.4546233450770988,1.3976690836395207,{'C': 1.3976690836395207},0.8494,0.8436,0.8492,0.8474,0.0026882460204874,41
1.1311482588450117,0.0146933796935445,2.4278844197591147,0.0360223724506663,0.1671704841286768,{'C': 0.16717048412867686},0.8572,0.848,0.8552,0.8534666666666667,0.003950808637341,7
1.562302827835083,0.2862947135145939,1.645231008529663,0.1762006835546367,0.3188041702072601,{'C': 0.31880417020726015},0.8542,0.8478,0.8524,0.8514666666666667,0.002694851057521,23
0.9785349369049072,0.0377481457189328,2.194166978200277,0.216815849668209,0.0346716428982522,{'C': 0.03467164289825226},0.8538,0.8426,0.8492,0.8485333333333335,0.0045966171135835,35
3.524337212244669,0.2391455689402785,1.4073445002237956,0.4249685875052888,2.495138000223363,{'C': 2.495138000223363},0.8484,0.8436,0.846,0.8460000000000001,0.0019595917942265,52
2.2772321701049805,0.2438843500524128,1.6996728579203289,0.3802409897721953,1.104224453291622,{'C': 1.104224453291622},0.8496,0.845,0.8522,0.8489333333333332,0.0029769484749021,33
1.319473107655843,0.02489947774446,2.0702014764149985,0.2309364575940619,0.3222620491950416,{'C': 0.32226204919504164},0.8544,0.8482,0.8522,0.8515999999999999,0.0025664502073227,21
1.2095752557118733,0.2368833405942943,1.659466028213501,0.2368738840932578,0.1219801501638717,{'C': 0.12198015016387172},0.8578,0.85,0.8568,0.8548666666666667,0.0034653843782312,1
2.8705760637919107,0.1254598222961256,0.8878364562988281,0.0515617184738568,1.8764475889155368,{'C': 1.8764475889155372},0.8504,0.8448,0.846,0.8470666666666666,0.002407396011369,45
2.492674827575684,0.1396863384939499,0.754950205485026,0.1533251163260262,1.5704908615573612,{'C': 1.5704908615573612},0.8498,0.844,0.8488,0.8475333333333334,0.002531578339473,39
57.59957297643026,5.434530156809757,0.5887399514516195,0.0654311751172256,64.75365074410992,{'C': 64.75365074410992},0.8412,0.839,0.844,0.8414,0.0020461345670963,92
24.97881293296814,1.0330826515439326,0.5656398932139078,0.0086039458711918,32.207931378126695,{'C': 32.207931378126695},0.844,0.8402,0.844,0.8427333333333333,0.0017913371790059,71
1.0085726579030354,0.0104634446809113,0.6141784191131592,0.0259541131039291,0.3410915328276675,{'C': 0.3410915328276675},0.8534,0.8466,0.8522,0.8507333333333333,0.002963481436119,27
23.567927916844685,1.2669229733101066,0.5577355225880941,0.0009306005690731,31.416452246273728,{'C': 31.416452246273728},0.8436,0.84,0.8442,0.8426,0.0018547236990991,75
73.96647270520528,4.353188017145029,0.5368196169535319,0.005155971847086,93.94879690672413,{'C': 93.94879690672411},0.8414,0.8386,0.844,0.8413333333333334,0.0022050447211388,93
0.8300077120463053,0.0017623260727459,0.6455847422281901,0.0030809278954557,0.0898049764850648,{'C': 0.0898049764850648},0.8576,0.8468,0.8558,0.8534,0.004724404724407,8
0.8509987195332845,0.0038576200774232,0.7321668465932211,0.0052027942196604,0.0198361184152999,{'C': 0.019836118415299933},0.848,0.8416,0.8458,0.8451333333333334,0.0026549743668986,57
11.8524698416392,0.3123248439279255,0.5552300612131754,0.0118438725454099,16.18737133910215,{'C': 16.18737133910215},0.844,0.8386,0.8432,0.8419333333333333,0.0023795424396766,85
6.416262865066528,0.227098293683521,0.5559647083282471,0.012633628093253,7.397292752761263,{'C': 7.397292752761263},0.8466,0.841,0.8454,0.8443333333333333,0.002407396011369,68
4.233865896860759,0.3455741733258088,0.5675103664398193,0.0154569522722341,4.585831942984499,{'C': 4.585831942984499},0.848,0.8408,0.8454,0.8447333333333334,0.0029769484749021,58
49.6292462348938,2.69866108435476,0.5339843432108561,0.0034479546274034,62.68870328607789,{'C': 62.68870328607789},0.842,0.839,0.845,0.842,0.0024494897427831,84
0.8657910823822021,0.0336356543185019,0.7823888460795084,0.0355991961688077,0.0217100128189827,{'C': 0.02171001281898276},0.8504,0.842,0.8464,0.8462666666666667,0.0034305814214049,51
0.8861869970957438,0.0090029890715365,0.754128615061442,0.0223264240967013,0.024700719836876,{'C': 0.02470071983687602},0.8516,0.8416,0.8466,0.8466,0.0040824829046386,48
0.868103822072347,0.0329201275401684,0.6893556118011475,0.0147310392317411,0.0567028735665676,{'C': 0.056702873566567676},0.8584,0.8466,0.853,0.8526666666666666,0.0048230925993829,13
11.2348682085673,0.7734667762798861,0.5539612770080566,0.0075529587702048,13.57879378911118,{'C': 13.57879378911118},0.8446,0.8402,0.8432,0.8426666666666667,0.0018354533197248,73
1.292641560236613,0.0343032660603016,1.283391793568929,0.06069173348569049,0.24529103476527253,{'C': 0.24529103476527253},0.8556,0.8468,0.8544,0.8522666666666666,0.0038964371189873395,12
3.007841189702352,1.213590785364789,1.1451762517293294,0.19200136416361654,1.0697457670651285,{'C': 1.0697457670651285},0.8496,0.8454,0.8526,0.8492000000000001,0.002952964612046673,34
24.070767323176067,1.2564352196422313,0.6850488980611166,0.09030542532689502,26.784280027034608,{'C': 26.784280027034608},0.8446,0.8394,0.844,0.8426666666666667,0.002322833518691229,71
0.9777969519297282,0.08928478716731321,1.3259435494740803,0.09131521023061036,0.03472151049739675,{'C': 0.03472151049739675},0.8538,0.8426,0.8492,0.8485333333333335,0.004596617113583512,39
1.3967898686726887,0.4141500086667577,1.1193559964497883,0.1460057759423073,0.1849048468535743,{'C': 0.1849048468535743},0.8566,0.8466,0.8558,0.8530000000000001,0.004537253207246281,10
1.2026017506917317,0.0652734187508136,1.0668166478474934,0.08502021620793138,0.22075547782567806,{'C': 0.22075547782567806},0.8568,0.847,0.854,0.8525999999999999,0.004121488404286339,11
1.3646868864695232,0.491137590995031,1.6733407179514568,0.4289669642542414,0.11222011786413316,{'C': 0.11222011786413316},0.857,0.8492,0.8552,0.8538,0.0033346664001066236,6
1.2470912138621013,0.06663185234995089,0.915307362874349,0.18326284832907622,0.28811866156880206,{'C': 0.28811866156880206},0.8546,0.8472,0.8534,0.8517333333333333,0.00324276973520412,16
1.8946506977081299,0.10567878190767044,0.7398145198822021,0.01053011095769987,1.1590837723440577,{'C': 1.1590837723440577},0.8506,0.8452,0.8512,0.8489999999999999,0.0026981475126464237,36
2.4806625843048096,0.40081595191346797,1.0448675155639648,0.3693739022905343,1.286727812998673,{'C': 1.286727812998673},0.85,0.8444,0.8506,0.8483333333333333,0.0027920522121829064,42
1.819968303044637,0.04099118879898078,0.8220380147298177,0.07026953892628846,0.9442194880561657,{'C': 0.9442194880561657},0.8508,0.847,0.8526,0.8501333333333333,0.002334285520001566,30
1.0229642391204834,0.07775702861799468,1.6033821900685628,0.039992017598679805,0.01110351578919166,{'C': 0.01110351578919166},0.8392,0.8384,0.8416,0.8397333333333333,0.0013597385369580786,95
1.4095462958017986,0.22945893525780922,0.9638655185699463,0.04934786260425368,0.3751226062511716,{'C': 0.3751226062511716},0.8542,0.8482,0.8524,0.8516,0.0025139610179953187,17
1.4663548469543457,0.28790427859784,0.839346170425415,0.08667228335310116,0.3026403041983278,{'C': 0.3026403041983278},0.8546,0.8484,0.8526,0.8518666666666667,0.0025837096500101395,15
1.4048012097676594,0.06245770965039235,0.7972261110941569,0.14484982873052504,0.4460076961641013,{'C': 0.4460076961641013},0.8538,0.8466,0.8518,0.8507333333333333,0.0030346151137976038,21
49.49563241004944,3.969451191701317,0.6993821461995443,0.12577385284494644,62.69646339956138,{'C': 62.69646339956138},0.842,0.8392,0.8448,0.842,0.002286190426597653,82
1.0340638160705566,0.12677946875786977,1.453252951304118,0.14924322885846733,0.010892060030693037,{'C': 0.010892060030693037},0.8394,0.8382,0.8416,0.8397333333333333,0.0014079141387962153,95
1.0646193027496338,0.10002855964151683,0.8354101975758871,0.09365207767180102,0.1745045076739379,{'C': 0.1745045076739379},0.8576,0.8486,0.8558,0.854,0.003888444419044716,4
53.55067539215088,4.665167537412418,0.7096302509307861,0.12899309418129593,73.94709778596999,{'C': 73.94709778596999},0.8426,0.839,0.8438,0.8418,0.002039607805437129,86
1.1517558097839355,0.17312758568742773,0.7430042425791422,0.12290902743086962,0.33566099473825306,{'C': 0.33566099473825306},0.8544,0.847,0.8526,0.8513333333333334,0.0031510139461590897,19
0.989478349685669,0.09990935371383959,0.7180907726287842,0.08484996281284223,0.12145224285992819,{'C': 0.12145224285992819},0.8582,0.8496,0.8568,0.8548666666666667,0.003767698973585258,1
0.8880894978841146,0.12030630951499206,0.7734362284342448,0.06728004114066519,0.06400448901235203,{'C': 0.06400448901235203},0.8602,0.8478,0.853,0.8536666666666667,0.005084180257316684,7
4.374163627624512,0.4967170758133208,0.6067507266998291,0.06480933284889245,4.316390393870737,{'C': 4.316390393870737},0.848,0.8408,0.8452,0.8446666666666666,0.0029634814361190406,58
1.5119733810424805,0.20330927911447352,0.7232693036397299,0.1099888818188399,0.611535636806398,{'C': 0.611535636806398},0.8524,0.847,0.8522,0.8505333333333334,0.0024997777679003704,23
15.109596331914267,2.601037694530324,0.5519766807556152,0.00611395443634863,16.835740991465318,{'C': 16.835740991465318},0.845,0.8382,0.8434,0.8422,0.0029028721409436542,80
10.906383911768595,1.3744758001400834,0.6703824202219645,0.053963578451748484,12.97715924128097,{'C': 12.97715924128097},0.8452,0.8408,0.8438,0.8432666666666666,0.0018354533197248134,70
2.7041311264038086,0.29186092375366746,0.6730430126190186,0.019697777883738974,2.1133723617876026,{'C': 2.1133723617876026},0.8484,0.8436,0.8472,0.8464,0.0020396078054371143,47
1.1091257731119792,0.14865613543240966,1.4493698279062908,0.14837858604266468,0.018584840771506624,{'C': 0.018584840771506624},0.8482,0.843,0.8454,0.8455333333333334,0.0021249836600678884,52
59.092342138290405,2.0016766865926687,0.5543903509775797,0.012027950665652367,76.47873489546082,{'C': 76.47873489546082},0.8422,0.839,0.844,0.8417333333333333,0.0020677416559027766,87
0.9644659360249838,0.12680506179079973,0.9562398592631022,0.16910141351806035,0.06357053816932334,{'C': 0.06357053816932334},0.8602,0.8474,0.853,0.8535333333333334,0.005239168721170236,8
1.0071639219919841,0.07172219967285504,1.148133118947347,0.11590694261346579,0.011210043102690994,{'C': 0.011210043102690994},0.839,0.8388,0.8418,0.8398666666666667,0.0013695092389449483,94
0.972381591796875,0.052187179221544824,1.288585106531779,0.29469818823355143,0.10119683372754586,{'C': 0.10119683372754586},0.858,0.8486,0.8564,0.8543333333333333,0.004106363625182526,2
0.9882066249847412,0.020057880074088864,1.555224895477295,0.2026683309115875,0.04687105327035866,{'C': 0.04687105327035866},0.8588,0.8462,0.8516,0.8522,0.005161395160225597,14
1.8176007270812988,0.2889913999939289,0.7904179890950521,0.0856389546956327,0.6798556620744642,{'C': 0.6798556620744642},0.8522,0.8462,0.8524,0.8502666666666666,0.0028767265347188803,28
0.9304709434509277,0.02067719249447455,0.8897799650828043,0.1954374551717924,0.04270630301730387,{'C': 0.04270630301730387},0.8572,0.8448,0.8514,0.8511333333333333,0.0050657893977367535,20
69.6663642724355,9.15745961731178,0.6838478247324625,0.11467243001789963,85.09449399644414,{'C': 85.09449399644414},0.8426,0.8378,0.8436,0.8413333333333334,0.0025315783394730157,91
1.9479421774546306,0.07341636430816739,0.5761240323384603,0.002154056083856824,1.6160488582250474,{'C': 1.6160488582250474},0.85,0.8442,0.8484,0.8475333333333334,0.0024458581770459057,45
26.990920861562092,1.3421091922178057,0.6461706161499023,0.13631997447299746,35.88979449961352,{'C': 35.88979449961352},0.8436,0.84,0.844,0.8425333333333334,0.0017987650084309492,75
6.0716025829315186,0.6027292498681974,0.5756779511769613,0.02475619635479874,7.134244696090523,{'C': 7.134244696090523},0.8466,0.8416,0.8448,0.8443333333333335,0.0020677416559027766,63
1.0669955412546794,0.024814344761630316,0.6289793650309244,0.01991471092297068,0.41540214903455314,{'C': 0.41540214903455314},0.8542,0.8474,0.8532,0.8516,0.002997776954122243,17
0.8799896240234375,0.0073309640099295855,0.8234240214029948,0.09058360854829688,0.0372517442717477,{'C': 0.0372517442717477},0.855,0.8432,0.8494,0.8492000000000001,0.004819405219180766,34
1.515926758448283,0.036854488909492236,0.7531561056772867,0.04421544340224562,0.9500657878218374,{'C': 0.9500657878218374},0.8508,0.8468,0.8524,0.85,0.002355136231020776,31
0.983489990234375,0.016852932527548947,1.4611546993255615,0.12359872603389964,0.011102009528345703,{'C': 0.011102009528345703},0.8392,0.8384,0.8414,0.8396666666666667,0.0012684198393627085,98
0.9332222938537598,0.0429313158633708,1.3086251417795818,0.23774089929854103,0.03366143402657052,{'C': 0.03366143402657052},0.8536,0.8424,0.848,0.848,0.004572380853195261,43
0.9429875214894613,0.0012472930091297605,1.7196714878082275,0.11755657479657815,0.03469500007665959,{'C': 0.03469500007665959},0.8538,0.8426,0.8492,0.8485333333333335,0.004596617113583512,39
1.064116398493449,0.04011762619256018,1.4166247844696045,0.1214993782171365,0.16055306216358278,{'C': 0.16055306216358278},0.857,0.8482,0.8564,0.8538666666666668,0.004014418457953254,5
1.0092999935150146,0.019659490696027612,1.6797784964243572,0.1689519898854414,0.015481384787959225,{'C': 0.015481384787959225},0.8464,0.8402,0.8452,0.8439333333333332,0.0026849374087469986,67
2.9094489415486655,0.056562349641995274,0.5765270392100016,0.020728854487106173,2.3829789024125905,{'C': 2.3829789024125905},0.8488,0.8436,0.8468,0.8464,0.0021416504538945267,47
13.685791810353598,2.3794954717818984,0.6601165930430094,0.13653383222881993,14.756485175485714,{'C': 14.756485175485714},0.8444,0.839,0.8438,0.8424,0.0024166091947189394,77
21.002660195032757,1.74494495897399,0.6522765159606934,0.07299703813277073,27.328573008461817,{'C': 27.328573008461817},0.844,0.8398,0.844,0.8426,0.0019798989873223245,72
0.860649824142456,0.004200231555049692,0.812981923421224,0.011235363778138307,0.010888916766682053,{'C': 0.010888916766682053},0.8394,0.8382,0.8416,0.8397333333333333,0.0014079141387962153,95
3.922037680943807,0.39318499632409104,0.6128606001536051,0.07844553543746023,4.135586761477492,{'C': 4.135586761477492},0.8478,0.841,0.8456,0.8448000000000001,0.002833137248116785,54
0.8462250232696533,0.06968532670590787,0.7333033084869385,0.11883348003413681,0.10107610987438403,{'C': 0.10107610987438403},0.8578,0.8486,0.8562,0.8542,0.004013311184877962,3
0.8713403542836508,0.019392803124119447,0.9412434895833334,0.09340838314678906,0.037309666014493745,{'C': 0.037309666014493745},0.8552,0.8434,0.8492,0.8492666666666665,0.00481756047070388,33
9.114301125208536,0.6057429495564273,0.8082439104715983,0.15323390607393647,9.993462592218078,{'C': 9.993462592218078},0.8454,0.8398,0.8458,0.8436666666666667,0.0027390184778898967,69
1.8021645545959473,0.09903743394432005,0.7958240509033203,0.08090758466420395,1.2250414304700556,{'C': 1.2250414304700556},0.8498,0.8448,0.851,0.8485333333333333,0.0026849374087469647,41
1.541968822479248,0.055845131098938856,0.8630081017812093,0.05363899418251591,0.77342397674028,{'C': 0.77342397674028},0.8518,0.8468,0.8522,0.8502666666666666,0.002456736769691761,28
2.770171562830607,0.08894439986370373,0.8671072324117025,0.0605082087191571,2.5297754427129453,{'C': 2.5297754427129453},0.8484,0.844,0.8462,0.8462000000000001,0.0017962924780410261,49
53.981024742126465,6.564977720598021,0.5429489612579346,0.00615237824776684,70.64855168522482,{'C': 70.64855168522482},0.8408,0.8388,0.8444,0.8413333333333334,0.0023170862929310573,91
13.29765526453654,0.8736745645939883,0.5443558692932129,0.003711121719814911,17.024840016716052,{'C': 17.024840016716052},0.845,0.8386,0.8436,0.8424,0.0027471197037381902,77
0.8436170419057211,0.01649402063386795,0.762762705485026,0.03299004945789326,0.04164671057173932,{'C': 0.04164671057173932},0.8564,0.8442,0.851,0.8505333333333334,0.004991548412622676,23
19.66511082649231,1.3868782207571309,0.5862509409586588,0.0260020522253538,24.84990446698367,{'C': 24.84990446698367},0.8438,0.839,0.8432,0.842,0.002135415650406266,82
3.8999449412027993,0.3126766790884479,0.5570507844289144,0.010221816488366174,4.222350554251342,{'C': 4.222350554251342},0.8478,0.8406,0.8458,0.8447333333333334,0.0030346151137976038,57
2.107746203740438,0.10437618778910812,0.6198564370473226,0.04071457191049871,1.5944955383121633,{'C': 1.5944955383121633},0.8496,0.844,0.8486,0.8474,0.002438578821089607,46
1.0176418622334797,0.023515931754064124,0.7333803176879883,0.07146702459174685,0.2483697698452681,{'C': 0.2483697698452681},0.8554,0.847,0.8544,0.8522666666666666,0.0037464056848605987,12
3.6851638158162436,0.2250554385627204,0.5622275670369467,0.011161843922563306,3.9098410581312133,{'C': 3.9098410581312133},0.8472,0.8416,0.8446,0.8444666666666668,0.0022881336402307104,62
77.55907201766968,5.457105603964255,0.5512155691782633,0.005428096692119255,97.22577211064053,{'C': 97.22577211064053},0.8408,0.8388,0.8436,0.8410666666666667,0.001968643074697798,93
55.07425459225973,5.357518509968116,0.5630428791046143,0.02253532636012581,75.49623371977631,{'C': 75.49623371977631},0.8422,0.8392,0.8442,0.8418666666666667,0.0020548046676563273,85
4.210785309473674,0.22934505306155722,0.5523880322774252,0.0027494595133660408,4.71305179892351,{'C': 4.71305179892351},0.8484,0.8408,0.8452,0.8447999999999999,0.0031155523854794636,55
0.8532179196675619,0.006870254800667989,0.7462708950042725,0.003938929659824263,0.016273039000165003,{'C': 0.016273039000165003},0.8464,0.8404,0.8456,0.8441333333333333,0.002659991645767999,64
14.201550086339315,0.6719739925101168,0.556840737660726,0.0053575187197035115,19.316113232673175,{'C': 19.316113232673175},0.844,0.8392,0.843,0.8420666666666666,0.0020677416559027884,81
0.8412214120229086,0.014878651589533186,0.6222946643829346,0.005518742548070467,0.15566761675096022,{'C': 0.15566761675096022},0.857,0.8476,0.8556,0.8534,0.004140853374205201,9
10.05676237742106,0.7258892870530954,0.5499389966328939,0.001101774403131969,12.120458881931713,{'C': 12.120458881931713},0.8458,0.8404,0.845,0.8437333333333333,0.0023795424396766103,68
28.932838598887127,0.8784802029781311,0.6122925281524658,0.08095431134478236,37.23103509330376,{'C': 37.23103509330376},0.8436,0.8402,0.8436,0.8424666666666667,0.0016027753706895406,76
3.055852731068929,0.1639936017711075,0.5860697428385416,0.01727349763764289,3.011813106591642,{'C': 3.011813106591642},0.8476,0.8436,0.8442,0.8451333333333334,0.001761312641816401,53
1.4913300673166912,0.2420199898062874,0.65814208984375,0.06682602054586123,0.6791610766404527,{'C': 0.6791610766404527},0.8526,0.8462,0.8526,0.8504666666666667,0.003016988933062637,25
0.8550801277160645,0.011139115628158792,0.796244223912557,0.11464377728740846,0.03238285156876561,{'C': 0.03238285156876561},0.8532,0.8424,0.8478,0.8478,0.004409081537009688,44
5.569708506266276,0.34680179423703067,0.604176918665568,0.061447374937404944,5.534378341157389,{'C': 5.534378341157389},0.8472,0.8404,0.8446,0.8440666666666666,0.002801586851926727,65
18.40191928545634,1.5818694140993084,0.8598820368448893,0.22013179632227842,22.630336427664457,{'C': 22.630336427664457},0.8442,0.8392,0.8424,0.8419333333333333,0.002067741655902785,84
0.9337024688720703,0.15036521195011207,0.8531506856282552,0.13039500312839752,0.01717156621186191,{'C': 0.01717156621186191},0.8472,0.8412,0.846,0.8447999999999999,0.00259229627936315,55
4.3786477247873945,0.5131974882177995,0.6487820943196615,0.05434106743188649,4.0746484451281315,{'C': 4.0746484451281315},0.8476,0.841,0.8452,0.8446000000000001,0.002727636339397188,59
0.9818626244862875,0.16892702474217366,0.9430702527364095,0.10046011159642747,0.021181344975512727,{'C': 0.021181344975512727},0.8506,0.8418,0.8462,0.8462000000000001,0.0035925849560820068,49
2.046974261601766,0.20912603006382127,1.1533799171447754,0.3643489499813322,1.1495217579974493,{'C': 1.1495217579974493},0.8502,0.8448,0.8512,0.8487333333333332,0.0028110891523077173,38
1.5465728441874187,0.023777427566435666,1.1910068194071453,0.2497236173923234,0.7439964800312309,{'C': 0.7439964800312309},0.8526,0.8468,0.852,0.8504666666666667,0.002604269997949952,25
1.9623594284057617,0.17487217014338385,1.0840486685434978,0.14806438990245102,0.5266009463215645,{'C': 0.5266009463215645},0.8536,0.8468,0.8504,0.8502666666666667,0.0027776888874666335,27
1.25465989112854,0.09649542535427526,2.32210103670756,0.03723793758358213,0.01091829836036416,{'C': 0.01091829836036416},0.8394,0.838,0.8416,0.8396666666666667,0.0014817407180595414,98
2.115302642186483,0.34425349635169283,0.6653827826182047,0.07645086656609311,1.1391844354810723,{'C': 1.1391844354810723},0.8504,0.8448,0.8514,0.8488666666666668,0.0029044027881056185,37
6.196400324503581,0.3640317451640743,0.5549372831980387,0.005609979588753113,6.720997846137508,{'C': 6.720997846137508},0.8468,0.8418,0.845,0.8445333333333332,0.002067741655902776,60
57.90410359700521,2.631153767769736,0.5454574426015218,0.005217957204682994,78.6655561669435,{'C': 78.6655561669435},0.8424,0.8388,0.844,0.8417333333333333,0.0021746008573733443,87
29.198861837387085,2.0090295833570373,0.553196907043457,0.011205552386247899,36.988331924126584,{'C': 36.988331924126584},0.843,0.84,0.844,0.8423333333333333,0.0016996731711975963,79
52.84737904866537,2.477223866285528,0.5756831169128418,0.04995811343623422,63.37108966193746,{'C': 63.37108966193746},0.8414,0.8386,0.8446,0.8415333333333335,0.0024513035081133666,89
0.9889276822408041,0.1155848220511371,0.9355483849843343,0.11894411954785161,0.015844739807021346,{'C': 0.015844739807021346},0.8462,0.84,0.8458,0.844,0.002833137248116772,66
1.2313311100006104,0.11313698111050877,0.6801242828369141,0.12837124223868465,0.47723087287306104,{'C': 0.47723087287306104},0.8538,0.8466,0.8518,0.8507333333333333,0.0030346151137976038,21
8.217756191889444,1.1239491890884814,0.5915362040201823,0.053492767649823456,8.883693514464971,{'C': 8.883693514464971},0.8472,0.8406,0.8458,0.8445333333333332,0.002839405258539559,60
50.8485275109609,0.0611415258677882,0.5405189196268717,0.005714557503934761,64.2130720655922,{'C': 64.2130720655922},0.8414,0.8388,0.8442,0.8414666666666667,0.0022050447211388138,90
0.8358004887898763,0.009563206795838046,0.7983256975809733,0.07594701805488885,0.03863845724713232,{'C': 0.03863845724713232},0.8552,0.8432,0.8502,0.8495333333333334,0.004921607686744472,32
2.9382455348968506,0.10456350010001415,0.5581332047780355,0.002008551376108908,2.917854680969381,{'C': 2.917854680969381},0.8476,0.844,0.8452,0.8456,0.0014966629547095997,51
24.594674587249756,0.44920668432510047,0.5415757497151693,0.0035070547686589042,32.98851275038113,{'C': 32.98851275038113},0.8438,0.84,0.844,0.8426,0.0018402898322456413,72
0.82772429784139,0.0036104599914613842,0.7658544381459554,0.006967294279465667,0.011090139803541753,{'C': 0.011090139803541753},0.8392,0.8384,0.8414,0.8396666666666667,0.0012684198393627085,98
32.412615617116295,3.0676567756017823,0.5274699529012045,0.0036377220264280836,41.60695752220025,{'C': 41.60695752220025},0.8436,0.84,0.8442,0.8426,0.0018547236990991438,72
